E (GPa),ρ (kg/m³),Tensile Strength (MPa),Temperature (°C),Structural Thickness (mm),Life_to_Load,Strength_x_Thick,Stiffness_Density,Temp_Thickness,Material Type_Carbon Fiber,Material Type_Titanium,Structural Shape_Rectangular,Structural Shape_Tapered,Load Distribution_point load,Load Distribution_uniform,Vibration Damping_Low,Vibration Damping_Moderate
161.3299132526702,1914.4833836107173,1124.9501831359405,-43.09644160936145,14.8800238827295,0.024889991058934243,16739.28559194372,0.08426811882190476,-641.2760804079558,False,True,True,False,True,False,True,False
83.99383252007797,2723.2018500539207,797.6202186708347,-53.5141056906284,11.42697179252313,0.0363581555747496,9114.383739897758,0.030843777709101825,-611.5041762289122,False,True,False,False,False,False,False,True
99.03814614207572,2375.171475787128,820.7548287633477,-54.6511846056833,12.520428253767896,0.04629884426906823,10276.201947465051,0.041697261503721376,-684.2562358388823,False,False,True,False,False,False,False,False
125.09339497884484,3931.5677282158986,312.1837676600948,-59.11318271660589,12.239644803414784,0.11851993547686804,3821.0184295513277,0.03181768791138461,-723.5243596506139,True,False,True,False,False,False,True,False
128.3488134574063,3134.1917049602225,668.0202692030247,-48.92199507477562,12.076046186049634,0.03892097470488292,8067.043624113036,0.040951168766824114,-590.7842720366832,False,True,False,True,False,True,False,False
