RunID,Max_Deflection,Max_Velocity,Settling_Time,Mass,K_Stiffness,B_Damping,RUL
1117,0.3,0.707419049016524,0.462583318704104,1188.31083819534,150000.0,2098.0,36.6
1369,0.3,0.666144977166128,0.331922001567201,4663.06281616316,136900.0,3407.0,79.825
423,0.3,0.643720426832305,0.363261907883702,4598.60396203632,132780.0,4000.0,75.4
414,0.3,0.640226719561602,0.361689066457199,4137.69237209671,134040.0,4000.0,77.2
452,0.3,0.655157156844688,0.368447001566424,4258.72675807433,128720.0,4000.0,69.6
